<?xml version="1.0" encoding="UTF-8" standalone="yes"?>
<addon id="repository.repo" name="Repo" version="0.0.1" provider-name="Anonymous">
	<extension point="xbmc.addon.repository" name="CTCTV Repository">
		<info compressed="false">ftp://f17-preview.runhosting.com/static/repo/addons.xml</info>
		<checksum>ftp://f17-preview.runhosting.com/static/repo/addons.xml.md5</checksum>
		<datadir zip="true">ftp://f17-preview.runhosting.com/static/repo/zips</datadir>
	</extension>
	<extension point="xbmc.addon.metadata">
		<summary>Install specific Addons</summary>
		<description>Download and install addons.</description>
		<platform>all</platform>
	</extension>
</addon>
